run,start_epoch_ns,end_epoch_ns,exit_code
1,1789471815476156776,1789471816788502667,0
2,1789471816791123132,1789471818131001502,0
3,1789471818132328316,1789471819428306625,0
4,1789471819430997112,1789471820709368252,0
5,1789471820711868375,1789471822001765551,0
6,1789471822003562801,1789471823297799286,0
7,1789471823299962417,1789471824584249375,0
8,1789471824586207028,1789471825882993035,0
9,1789471825884819415,1789471827172292631,0
10,1789471827174560489,1789471828490183966,0
11,1789471828492249926,1789471829825108430,0
12,1789471829827179987,1789471831121417228,0
13,1789471831123743510,1789471832457834558,0
14,1789471832459359223,1789471833798626735,0
15,1789471833800581632,1789471835132186441,0
16,1789471835134697961,1789471836480312950,0
17,1789471836481802540,1789471837821034904,0
18,1789471837823527479,1789471839163493683,0
19,1789471839167169407,1789471840528585460,0
20,1789471840530353135,1789471841877501174,0
21,1789471841880158943,1789471843210229997,0
22,1789471843211979005,1789471844580688858,0
23,1789471844582514175,1789471845943628487,0
24,1789471845945765519,1789471847290125792,0
25,1789471847291880548,1789471848666632118,0
26,1789471848668056774,1789471850016234649,0
27,1789471850018974439,1789471851364202011,0
28,1789471851365947896,1789471852719411335,0
29,1789471852722686617,1789471854084993713,0
30,1789471854086816409,1789471855450024660,0
